attendees,meeting_topics,transcript,summary,Cleaned_Transcript
3,web deveopment,"{
 ""date"": ""2023-03-08"",
 ""time"": ""10:00 AM"",
 ""attendess"": [
  ""Manager"",
  ""Junior Developer 1"",
  ""Junior Developer 2"",
  ""Junior Developer 3""
 ],
 ""transcript"": ""Manager: Good morning, team. Let's start our daily standup meeting. Junior Developer 1, what did you complete yesterday?

Junior Developer 1: I completed the design for the new homepage. I also started working on the front-end development.

Manager: Great work. What are you planning to work on today?

Junior Developer 1: I'll continue working on the front-end development. I'll also start working on the back-end API for the homepage.

Manager: Sounds good. Junior Developer 2, what did you complete yesterday?

Junior Developer 2: I completed the database schema for the new application. I also started working on the back-end API for the user management module.

Manager: Good job. What are you planning to work on today?

Junior Developer 2: I'll continue working on the back-end API for the user management module. I'll also start working on the front-end for the login page.

Manager: Excellent. Junior Developer 3, what did you complete yesterday?

Junior Developer 3: I completed the unit tests for the authentication module. I also started working on the integration tests for the user management module.

Manager: Keep up the good work. What are you planning to work on today?

Junior Developer 3: I'll continue working on the integration tests for the user management module. I'll also start working on the front-end for the dashboard page.

Manager: Perfect. Does anyone have any blockers or challenges they're facing?

Junior Developer 1: I'm having some trouble with the front-end styling. I'm not sure how to achieve the desired look and feel.

Manager: I can help you with that. I have some experience with front-end styling. We can discuss it after the meeting.

Junior Developer 2: I'm having some trouble understanding the requirements for the API. I'm not sure what data I need to return from the endpoints.

Manager: Let's go through the requirements together. I'll clarify any ambiguities.

Junior Developer 3: I'm facing some issues with the integration tests. The tests are failing for some reason. I'm not sure what the problem is.

Manager: Let's debug the tests together. We'll find the root cause of the problem.

Manager: That's it for today's standup meeting. Keep up the good work, and please let me know if you have any questions or concerns.

Junior Developers: Thank you, Manager.""
}","    {
    ""Junior"" : [
        {
        ""Current Task"" : ""Continue working on the front-end development and start working on the back-end API for the homepage."",
        ""Completed Task"": ""Design for the new homepage, started working on the front-end development.""
        },
        {
        ""Current Task"" : ""Continue working on the back-end API for the user management module and start working on the front-end for the login page."",
        ""Completed Task"": ""Completed the database schema for the new application, started working on the back-end API for the user management module.""
        },
        {
        ""Current Task"" : ""Continue working on the integration tests for the user management module and start working on the front-end for the dashboard page."",
        ""Completed Task"": ""Completed the unit tests for the authentication module, started working on the integration tests for the user management module.""
        }
    ],
    ""Manager"" : [
        {""Comments"": ""Good work."", ""To"": ""Junior Developer 1""},
        {""Comments"": ""Good job."", ""To"": ""Junior Developer 2""},
        {""Comments"": ""Keep up the good work."", ""To"": ""Junior Developer 3""},
        {""Comments"": ""I can help you with that. I have some experience with front-end styling. We can discuss it after the meeting."", ""To"": ""Junior Developer 1""},
        {""Comments"": ""Let's go through the requirements together. I'll clarify any ambiguities."", ""To"": ""Junior Developer 2""},
        {""Comments"": ""Let's debug the tests together. We'll find the root cause of the problem."", ""To"": ""Junior Developer 3""}
    ]
}","{'date': '2023-03-08', 'time': '10:00 AM', 'attendess': ['Manager', 'Junior Developer 1', 'Junior Developer 2', 'Junior Developer 3'], 'transcript': ""Manager: Good morning, team. Let's start our daily standup meeting. Junior Developer 1, what did you complete yesterday?Junior Developer 1: I completed the design for the new homepage. I also started working on the front-end development.Manager: Great work. What are you planning to work on today?Junior Developer 1: I'll continue working on the front-end development. I'll also start working on the back-end API for the homepage.Manager: Sounds good. Junior Developer 2, what did you complete yesterday?Junior Developer 2: I completed the database schema for the new application. I also started working on the back-end API for the user management module.Manager: Good job. What are you planning to work on today?Junior Developer 2: I'll continue working on the back-end API for the user management module. I'll also start working on the front-end for the login page.Manager: Excellent. Junior Developer 3, what did you complete yesterday?Junior Developer 3: I completed the unit tests for the authentication module. I also started working on the integration tests for the user management module.Manager: Keep up the good work. What are you planning to work on today?Junior Developer 3: I'll continue working on the integration tests for the user management module. I'll also start working on the front-end for the dashboard page.Manager: Perfect. Does anyone have any blockers or challenges they're facing?Junior Developer 1: I'm having some trouble with the front-end styling. I'm not sure how to achieve the desired look and feel.Manager: I can help you with that. I have some experience with front-end styling. We can discuss it after the meeting.Junior Developer 2: I'm having some trouble understanding the requirements for the API. I'm not sure what data I need to return from the endpoints.Manager: Let's go through the requirements together. I'll clarify any ambiguities.Junior Developer 3: I'm facing some issues with the integration tests. The tests are failing for some reason. I'm not sure what the problem is.Manager: Let's debug the tests together. We'll find the root cause of the problem.Manager: That's it for today's standup meeting. Keep up the good work, and please let me know if you have any questions or concerns.Junior Developers: Thank you, Manager.""}"
5,devops,"```
{
  ""date"": ""2023-03-08"",
  ""time"": ""10:00 AM"",
  ""attendess"": [
    ""John Doe (Manager)"",
    ""Jane Smith (Junior Developer)"",
    ""Michael Jones (Junior Developer)"",
    ""Sarah Miller (Junior Developer)"",
    ""Robert Brown (Junior Developer)"",
    ""Elizabeth Garcia (Junior Developer)""
  ],
  ""transcript"": [
    ""John Doe: Good morning, everyone. Let's start with our daily standup meeting."",
    ""Jane Smith: Hi John. Yesterday, I completed the task of setting up the Jenkins pipeline for the new project. Today, I'll be working on integrating the code repository with the pipeline."",
    ""Michael Jones: Good morning. I finished writing the unit tests for the new feature. Today, I'm going to start working on the integration tests."",
    ""Sarah Miller: Hello. I deployed the new version of the application to the staging environment yesterday. Today, I'll be monitoring the logs and making sure there are no issues."",
    ""Robert Brown: Hi John. Yesterday, I worked on fixing the issue with the database connection. I identified the root cause of the problem and implemented a solution. Today, I'll be testing the fix and making sure it works as expected."",
    ""Elizabeth Garcia: Good morning. I completed the task of creating the documentation for the new API. Today, I'll be working on adding examples and code snippets to the documentation."",
    ""John Doe: Thank you everyone for the updates. Does anyone have any blockers or concerns they want to share?"",
    ""Jane Smith: I'm having some trouble integrating the code repository with the Jenkins pipeline. I'm getting an error message that I'm not sure how to fix."",
    ""John Doe: Okay, Jane. I'll take a look at it and help you troubleshoot the issue."",
    ""Michael Jones: I'm not sure how to write integration tests for the new feature. Can someone help me with that?"",
    ""Sarah Miller: Sure, Michael. I can help you get started with writing integration tests."",
    ""John Doe: Thank you, Sarah. That's very helpful."",
    ""John Doe: Alright, everyone. Thank you for your updates. Let's continue working on our tasks and we'll meet again tomorrow for our next standup meeting.""
  ]
}
```","```json
{
  ""Junior"": [
    {
      ""Current Task"": ""Integrating the code repository with the Jenkins pipeline"",
      ""Completed Task"": ""Setting up the Jenkins pipeline for the new project""
    },
    {
      ""Current Task"": ""Writing integration tests for the new feature"",
      ""Completed Task"": ""Writing unit tests for the new feature""
    },
    {
      ""Current Task"": ""Monitoring logs and ensuring no issues in the staging environment"",
      ""Completed Task"": ""Deploying the new version of the application to the staging environment""
    },
    {
      ""Current Task"": ""Testing the fix for the database connection issue"",
      ""Completed Task"": ""Identifying and implementing a solution for the database connection issue""
    },
    {
      ""Current Task"": ""Adding examples and code snippets to the documentation for the new API"",
      ""Completed Task"": ""Creating the documentation for the new API""
    }
  ],
  ""Manager"": [
    {""Jane Smith"" : ""Will assist Jane in troubleshooting the error message encountered during the integration of the code repository with the Jenkins pipeline.""},
    {""Michael Jones"" : ""Sarah will guide Michael in writing integration tests for the new feature.""}
  ]
}
```","{'date': '2023-03-08', 'time': '10:00 AM', 'attendess': ['John Doe (Manager)', 'Jane Smith (Junior Developer)', 'Michael Jones (Junior Developer)', 'Sarah Miller (Junior Developer)', 'Robert Brown (Junior Developer)', 'Elizabeth Garcia (Junior Developer)'], 'transcript': [""John Doe: Good morning, everyone. Let's start with our daily standup meeting."", ""Jane Smith: Hi John. Yesterday, I completed the task of setting up the Jenkins pipeline for the new project. Today, I'll be working on integrating the code repository with the pipeline."", ""Michael Jones: Good morning. I finished writing the unit tests for the new feature. Today, I'm going to start working on the integration tests."", ""Sarah Miller: Hello. I deployed the new version of the application to the staging environment yesterday. Today, I'll be monitoring the logs and making sure there are no issues."", ""Robert Brown: Hi John. Yesterday, I worked on fixing the issue with the database connection. I identified the root cause of the problem and implemented a solution. Today, I'll be testing the fix and making sure it works as expected."", ""Elizabeth Garcia: Good morning. I completed the task of creating the documentation for the new API. Today, I'll be working on adding examples and code snippets to the documentation."", 'John Doe: Thank you everyone for the updates. Does anyone have any blockers or concerns they want to share?', ""Jane Smith: I'm having some trouble integrating the code repository with the Jenkins pipeline. I'm getting an error message that I'm not sure how to fix."", ""John Doe: Okay, Jane. I'll take a look at it and help you troubleshoot the issue."", ""Michael Jones: I'm not sure how to write integration tests for the new feature. Can someone help me with that?"", 'Sarah Miller: Sure, Michael. I can help you get started with writing integration tests.', ""John Doe: Thank you, Sarah. That's very helpful."", ""John Doe: Alright, everyone. Thank you for your updates. Let's continue working on our tasks and we'll meet again tomorrow for our next standup meeting.""]}"
2,wordpress development,"{
 ""date"": ""2023-08-09"",
 ""time"": ""10:00 AM"",
 ""attendess"": [
  ""Manager"",
  ""Junior Developer 1"",
  ""Junior Developer 2""
 ],
 ""transcript"": [
  ""Manager: Good morning, everyone. Let's start our daily standup meeting."",
  ""Junior Developer 1: Hi, everyone. Yesterday, I completed the development of the new product page. Today, I'll be working on integrating the payment gateway."",
  ""Junior Developer 2: Hello, team. Yesterday, I finished fixing the bugs in the checkout process. Today, I'll be working on improving the performance of the website."",
  ""Manager: Great work, everyone. I'm glad to see that you're all making progress on your tasks."",
  ""Junior Developer 1: I do have one question though. I'm not sure how to integrate the payment gateway."",
  ""Manager: That's okay. I can help you with that. Just let me know when you're ready."",
  ""Junior Developer 2: I'm also facing a bit of a blocker. The website is taking too long to load."",
  ""Manager: I see. I'll have to look into that. In the meantime, see if you can identify any specific areas that are causing the slow down."",
  ""Junior Developer 2: Sure, I'll do that."",
  ""Manager: Alright, everyone. That's all for today's meeting. Keep up the good work."",
  ""Junior Developer 1 and 2: Thanks, Manager.""
 ]
}","{
    ""Junior"" : [
        {
            ""Current Task"": ""Integrating the payment gateway"", 
            ""Completed Task"": ""Developing the new product page""
        },
        {
            ""Current Task"": ""Improving the performance of the website"",
            ""Completed Task"": ""Fixing the bugs in the checkout process""
        }
    ],
    ""Manager"" : [
        {
            ""Comments"": ""I'm glad to see that you're all making progress on your tasks."",
            ""To"" : ""All""
        },
        {
            ""Comments"": ""That's okay. I can help you with that. Just let me know when you're ready"",
            ""To"" : ""Junior Developer 1""
        },
        {
            ""Comments"": ""I see. I'll have to look into that. In the meantime, see if you can identify any specific areas that are causing the slow down."",
            ""To"" : ""Junior Developer 2""
        }
    ]
}","{'date': '2023-08-09', 'time': '10:00 AM', 'attendess': ['Manager', 'Junior Developer 1', 'Junior Developer 2'], 'transcript': [""Manager: Good morning, everyone. Let's start our daily standup meeting."", ""Junior Developer 1: Hi, everyone. Yesterday, I completed the development of the new product page. Today, I'll be working on integrating the payment gateway."", ""Junior Developer 2: Hello, team. Yesterday, I finished fixing the bugs in the checkout process. Today, I'll be working on improving the performance of the website."", ""Manager: Great work, everyone. I'm glad to see that you're all making progress on your tasks."", ""Junior Developer 1: I do have one question though. I'm not sure how to integrate the payment gateway."", ""Manager: That's okay. I can help you with that. Just let me know when you're ready."", ""Junior Developer 2: I'm also facing a bit of a blocker. The website is taking too long to load."", ""Manager: I see. I'll have to look into that. In the meantime, see if you can identify any specific areas that are causing the slow down."", ""Junior Developer 2: Sure, I'll do that."", ""Manager: Alright, everyone. That's all for today's meeting. Keep up the good work."", 'Junior Developer 1 and 2: Thanks, Manager.']}"
3,data analytics,"{
 ""date"": ""2023-03-08"",
 ""time"": ""10:00 AM"",
 ""attendess"": [
  ""Manager"",
  ""Junior 1"",
  ""Junior 2"",
  ""Junior 3""
 ],
 ""transcript"": [
  ""Manager: Good morning, everyone. Let's start with our daily standup meeting."",
  ""Junior 1: Yesterday, I completed the data cleaning and preparation for the customer segmentation project. Today, I'll start working on the data analysis and building a predictive model."",
  ""Junior 2: I finished the data visualization for the sales performance analysis. Today, I'll present the findings to the sales team and gather their feedback."",
  ""Junior 3: I encountered a blocker in the data extraction process for the inventory management project. The data source is not providing the necessary information in the required format. I've reached out to the IT team for assistance."",
  ""Manager: Thank you for the updates. Junior 3, I'll follow up with the IT team to expedite the resolution of your blocker."",
  ""Manager: Are there any other questions or concerns?"",
  ""Junior 2: I have a question about the data visualization for the sales performance analysis. How should I handle outliers in the data?"",
  ""Manager: That's a great question, Junior 2. Outliers can be handled in several ways, such as removing them from the dataset, transforming them to reduce their impact, or retaining them to preserve the integrity of the data. The appropriate approach depends on the specific context and the objectives of the analysis."",
  ""Junior 2: Thank you for the clarification, Manager."",
  ""Manager: Alright, let's continue working on our projects efficiently. Keep me updated on your progress, and don't hesitate to reach out if you need any assistance."",
  ""Juniors: Thank you, Manager."",
  ""Manager: Have a productive day, everyone.""
 ]
}","{
""Junior 1"": [
        {
            ""Current Task"" : ""Data analysis and building a predictive model"",
            ""Completed Task"": ""Data cleaning and preparation for the customer segmentation project""
        }
    ],
""Junior 2"": [
        {
            ""Current Task"": ""Present the findings to the sales team and gather their feedback"",
            ""Completed Task"": ""Data visualization for the sales performance analysis""
        }
    ],
""Junior 3"": [
        {
            ""Current Task"": ""Reached out to the IT team for assistance in resolving the blocker in the data extraction process for the inventory management project"",
            ""Completed Task"": ""None mentioned in the transcript""
        }
    ],
""Manager"": [
        {
            ""Comments"": ""Follow up with the IT team to expedite the resolution of the blocker encountered by Junior 3.""
        },
        {
            ""Comments"": ""Outliers can be handled in several ways, such as removing them from the dataset, transforming them to reduce their impact, or retaining them to preserve the integrity of the data. The appropriate approach depends on the specific context and the objectives of the analysis.""
        },
        {
            ""Comments"": ""Encourage juniors to keep them updated on their progress and reach out for assistance if needed.""
        }
    ]
}","{'date': '2023-03-08', 'time': '10:00 AM', 'attendess': ['Manager', 'Junior 1', 'Junior 2', 'Junior 3'], 'transcript': [""Manager: Good morning, everyone. Let's start with our daily standup meeting."", ""Junior 1: Yesterday, I completed the data cleaning and preparation for the customer segmentation project. Today, I'll start working on the data analysis and building a predictive model."", ""Junior 2: I finished the data visualization for the sales performance analysis. Today, I'll present the findings to the sales team and gather their feedback."", ""Junior 3: I encountered a blocker in the data extraction process for the inventory management project. The data source is not providing the necessary information in the required format. I've reached out to the IT team for assistance."", ""Manager: Thank you for the updates. Junior 3, I'll follow up with the IT team to expedite the resolution of your blocker."", 'Manager: Are there any other questions or concerns?', 'Junior 2: I have a question about the data visualization for the sales performance analysis. How should I handle outliers in the data?', ""Manager: That's a great question, Junior 2. Outliers can be handled in several ways, such as removing them from the dataset, transforming them to reduce their impact, or retaining them to preserve the integrity of the data. The appropriate approach depends on the specific context and the objectives of the analysis."", 'Junior 2: Thank you for the clarification, Manager.', ""Manager: Alright, let's continue working on our projects efficiently. Keep me updated on your progress, and don't hesitate to reach out if you need any assistance."", 'Juniors: Thank you, Manager.', 'Manager: Have a productive day, everyone.']}"
4,mobile application development(swift),"{
    ""date"": ""2022-08-23"",
    ""time"": ""10:00 AM"",
    ""attendess"": [""Manager"", ""Junior 1"", ""Junior 2"", ""Junior 3"", ""Junior 4""],
    ""transcript"": ""**Manager:** Good morning, team. Let's start our daily standup meeting. Junior 1, can you tell us what you worked on yesterday and what you're planning to do today?

**Junior 1:** Yesterday, I finished working on the user interface for the login and registration screens. Today, I'll start working on the backend code for the login and registration functionality.

**Manager:** Great. Junior 2, what about you?

**Junior 2:** I completed the integration of the payment gateway yesterday. Today, I'll start working on the push notification feature.

**Manager:** Excellent. Junior 3, what was your progress yesterday?

**Junior 3:** I worked on the design of the home screen and the product listing pages. Today, I'll start working on the checkout process.

**Manager:** That's great progress. Junior 4, what did you work on yesterday?

**Junior 4:** I finished working on the API integration for the product catalog. Today, I'll start working on the search functionality.

**Manager:** Perfect. Does anyone have any blockers or challenges they're facing?

**Junior 1:** I'm having some trouble with the integration of the social media login feature.

**Manager:** I see. Can you share your screen so we can take a look at it together?

**Junior 1:** Sure. (Shares screen)

**Manager:** (Reviews code) I think I see the issue. You're using the wrong API key.

**Junior 1:** Oh, you're right. I'll fix that now.

**Manager:** Great. Is there anything else?

**Junior 2:** I'm having a hard time understanding the documentation for the push notification feature.

**Manager:** I can help with that. I'll send you a link to some resources that might be helpful.

**Junior 2:** Thank you.

**Manager:** Okay, team. That's all for today. Keep up the good work!

**Meeting adjourned.**""
}","```json
{
  ""Junior 1"": [
    {
      ""Current Task"": ""Start working on the backend code for the login and registration functionality."",
      ""Completed Task"": ""Finished working on the user interface for the login and registration screens.""
    }
  ],
  ""Junior 2"": [
    {
      ""Current Task"": ""Start working on the push notification feature."",
      ""Completed Task"": ""Completed the integration of the payment gateway.""
    }
  ],
  ""Junior 3"": [
    {
      ""Current Task"": ""Start working on the checkout process."",
      ""Completed Task"": ""Worked on the design of the home screen and the product listing pages.""
    }
  ],
  ""Junior 4"": [
    {
      ""Current Task"": ""Start working on the search functionality."",
      ""Completed Task"": ""Finished working on the API integration for the product catalog.""
    }
  ],
  ""Manager"": [
    {
      ""Comment on Junior 1's Task"": ""That's great progress! Just make sure you have the correct API key for the social media login feature."",
      ""Comment on Junior 2's Task"": ""Excellent! Let me know if you have any questions about the push notification feature."",
      ""Comment on Junior 3's Task"": ""Keep up the good work! I'm excited to see the checkout process come to life."",
      ""Comment on Junior 4's Task"": ""Perfect! The search functionality is crucial for a seamless user experience.""
    }
  ]
}
```","{'date': '2022-08-23', 'time': '10:00 AM', 'attendess': ['Manager', 'Junior 1', 'Junior 2', 'Junior 3', 'Junior 4'], 'transcript': ""**Manager:** Good morning, team. Let's start our daily standup meeting. Junior 1, can you tell us what you worked on yesterday and what you're planning to do today?**Junior 1:** Yesterday, I finished working on the user interface for the login and registration screens. Today, I'll start working on the backend code for the login and registration functionality.**Manager:** Great. Junior 2, what about you?**Junior 2:** I completed the integration of the payment gateway yesterday. Today, I'll start working on the push notification feature.**Manager:** Excellent. Junior 3, what was your progress yesterday?**Junior 3:** I worked on the design of the home screen and the product listing pages. Today, I'll start working on the checkout process.**Manager:** That's great progress. Junior 4, what did you work on yesterday?**Junior 4:** I finished working on the API integration for the product catalog. Today, I'll start working on the search functionality.**Manager:** Perfect. Does anyone have any blockers or challenges they're facing?**Junior 1:** I'm having some trouble with the integration of the social media login feature.**Manager:** I see. Can you share your screen so we can take a look at it together?**Junior 1:** Sure. (Shares screen)**Manager:** (Reviews code) I think I see the issue. You're using the wrong API key.**Junior 1:** Oh, you're right. I'll fix that now.**Manager:** Great. Is there anything else?**Junior 2:** I'm having a hard time understanding the documentation for the push notification feature.**Manager:** I can help with that. I'll send you a link to some resources that might be helpful.**Junior 2:** Thank you.**Manager:** Okay, team. That's all for today. Keep up the good work!**Meeting adjourned.**""}"
2,software developement(python),"```
{
 ""date"": ""2023-03-08"",
 ""time"": ""10:00 AM"",
 ""attendess"": [
  ""Manager"",
  ""Junior 1"",
  ""Junior 2""
 ],
 ""transcript"": [
  ""Manager: Good morning, team. Let's start with our daily standup meeting."",
  ""Junior 1: Yesterday, I completed the task of developing the user interface for the software. Today, I'll be working on the database integration."",
  ""Junior 2: I finished writing the code for the core functionality of the software. Today, I'll be testing it and fixing any bugs."",
  ""Manager: Great work, team. Keep up the good progress."",
  ""Junior 1: I'm facing a blocker with the database integration. I'm not sure how to connect the software to the database."",
  ""Manager: I'll assign a senior developer to help you with that. They'll be available to assist you after lunch."",
  ""Junior 2: I'm not sure if the software is working as intended. I'll need to do some more testing to confirm."",
  ""Manager: That's a good idea. Make sure to document the results of your testing."",
  ""Junior 1: I have a question about the user interface. Should I use a dropdown menu or a radio button group for the user to select options?"",
  ""Manager: That's a good question. I think a dropdown menu would be more user-friendly in this case."",
  ""Junior 2: I agree. A dropdown menu would be easier for the user to navigate."",
  ""Manager: Okay, team. Let's continue working on our tasks. We'll meet again tomorrow for our next standup meeting."",
  ""Junior 1: Thank you, Manager."",
  ""Junior 2: Thanks, Manager.""
 ]
}
```","{
    ""Junior 1"": [[""Working on database integration"", ""Developed user interface for the software""],
                 [""Need assistance with database integration"", ""Completed user interface for the software""]],
    ""Junior 2"": [[""Testing the core functionality and fixing bugs"", ""Wrote code for the core functionality""],
                 [""Not sure if software is working as intended"", ""Not provided""]],
    ""Manager"": [""Great work, team. Keep up the good progress."",
                ""I'll assign a senior developer to help you with that."",
                ""That's a good idea. Make sure to document the results of your testing."",
                ""That's a good question. I think a dropdown menu would be more user-friendly in this case."",
                ""Okay, team. Let's continue working on our tasks. We'll meet again tomorrow for our next standup meeting.""]
}","{'date': '2023-03-08', 'time': '10:00 AM', 'attendess': ['Manager', 'Junior 1', 'Junior 2'], 'transcript': [""Manager: Good morning, team. Let's start with our daily standup meeting."", ""Junior 1: Yesterday, I completed the task of developing the user interface for the software. Today, I'll be working on the database integration."", ""Junior 2: I finished writing the code for the core functionality of the software. Today, I'll be testing it and fixing any bugs."", 'Manager: Great work, team. Keep up the good progress.', ""Junior 1: I'm facing a blocker with the database integration. I'm not sure how to connect the software to the database."", ""Manager: I'll assign a senior developer to help you with that. They'll be available to assist you after lunch."", ""Junior 2: I'm not sure if the software is working as intended. I'll need to do some more testing to confirm."", ""Manager: That's a good idea. Make sure to document the results of your testing."", 'Junior 1: I have a question about the user interface. Should I use a dropdown menu or a radio button group for the user to select options?', ""Manager: That's a good question. I think a dropdown menu would be more user-friendly in this case."", 'Junior 2: I agree. A dropdown menu would be easier for the user to navigate.', ""Manager: Okay, team. Let's continue working on our tasks. We'll meet again tomorrow for our next standup meeting."", 'Junior 1: Thank you, Manager.', 'Junior 2: Thanks, Manager.']}"
3,web deveopment,"{
 ""date"": ""2023-03-08"",
 ""time"": ""10:00 AM"",
 ""attendess"": [
  ""Manager"",
  ""Junior 1"",
  ""Junior 2"",
  ""Junior 3""
 ],
 ""transcript"": [
  ""Manager: Good morning, everyone. I'm glad to see you all here for our daily standup meeting."",
  ""Junior 1: Good morning, [Manager's name]. I'm happy to be here."",
  ""Junior 2: Me too. I'm looking forward to hearing about everyone's progress."",
  ""Junior 3: Same here."",
  ""Manager: That's great to hear. Let's get started. [Junior 1], could you please share your completed tasks from yesterday?"",
  ""Junior 1: Sure. I completed the design for the new website homepage and I also finished coding the login and registration pages."",
  ""Manager: Excellent work. And what are you planning to work on today?"",
  ""Junior 1: Today, I plan to start working on the product pages and I'll also be looking into integrating a payment gateway."",
  ""Manager: That sounds like a lot of work. Do you need any help with anything?"",
  ""Junior 1: Not at the moment, but I'll let you know if I do."",
  ""Manager: Okay. [Junior 2], what about you? What did you complete yesterday?"",
  ""Junior 2: I finished developing the backend for the website and I also created a database to store the user data."",
  ""Manager: That's great progress. And what are your plans for today?"",
  ""Junior 2: I'm going to start working on the frontend of the website and I'll also be looking into implementing some security features."",
  ""Manager: Sounds good. [Junior 3], your turn."",
  ""Junior 3: I completed the user interface design for the website and I also started working on the content for the blog."",
  ""Manager: Nice work. And what are you going to be working on today?"",
  ""Junior 3: I plan to finish the blog content and I'll also be starting to work on the social media marketing campaign."",
  ""Manager: That's a lot to do. Are you sure you can handle it all?"",
  ""Junior 3: I think so. I'm confident that I can get it all done by the deadline."",
  ""Manager: I'm glad to hear that. Well, that's all for our standup meeting today. Thank you all for your hard work and dedication. Keep up the good work."",
  ""Junior 1, 2, 3: Thank you, [Manager's name].""
 ]
}","{
""Junior 1"": [
    {
      ""Current Task"": ""Start working on the product pages and integrate a payment gateway."",
      ""Completed Task"": ""Design for the new website homepage; Coding the login and registration pages.""
    }
  ],
""Junior 2"": [
    {
      ""Current Task"": ""Start working on the frontend of the website and implement some security features."",
      ""Completed Task"": ""Developing the backend for the website; Created a database to store the user data.""
    }
  ],
""Junior 3"": [
    {
      ""Current Task"": ""Finish the blog content and start working on the social media marketing campaign."",
      ""Completed Task"": ""User interface design for the website; Started working on the content for the blog.""
    }
  ],
""Manager"": [
    {
      ""Comments"": ""Excellent work.""
    },
    {
      ""Comments"": ""That sounds like a lot of work. Do you need any help with anything?""
    },
    {
      ""Comments"": ""That's great progress.""
    },
    {
      ""Comments"": ""Nice work.""
    },
    {
      ""Comments"": ""That's a lot to do. Are you sure you can handle it all?""
    },
    {
      ""Comments"": ""I'm glad to hear that.""
    },
    {
      ""Comments"": ""Thank you all for your hard work and dedication. Keep up the good work.""
    }
  ]
}","{'date': '2023-03-08', 'time': '10:00 AM', 'attendess': ['Manager', 'Junior 1', 'Junior 2', 'Junior 3'], 'transcript': [""Manager: Good morning, everyone. I'm glad to see you all here for our daily standup meeting."", ""Junior 1: Good morning, [Manager's name]. I'm happy to be here."", ""Junior 2: Me too. I'm looking forward to hearing about everyone's progress."", 'Junior 3: Same here.', ""Manager: That's great to hear. Let's get started. [Junior 1], could you please share your completed tasks from yesterday?"", 'Junior 1: Sure. I completed the design for the new website homepage and I also finished coding the login and registration pages.', 'Manager: Excellent work. And what are you planning to work on today?', ""Junior 1: Today, I plan to start working on the product pages and I'll also be looking into integrating a payment gateway."", 'Manager: That sounds like a lot of work. Do you need any help with anything?', ""Junior 1: Not at the moment, but I'll let you know if I do."", 'Manager: Okay. [Junior 2], what about you? What did you complete yesterday?', 'Junior 2: I finished developing the backend for the website and I also created a database to store the user data.', ""Manager: That's great progress. And what are your plans for today?"", ""Junior 2: I'm going to start working on the frontend of the website and I'll also be looking into implementing some security features."", 'Manager: Sounds good. [Junior 3], your turn.', 'Junior 3: I completed the user interface design for the website and I also started working on the content for the blog.', 'Manager: Nice work. And what are you going to be working on today?', ""Junior 3: I plan to finish the blog content and I'll also be starting to work on the social media marketing campaign."", ""Manager: That's a lot to do. Are you sure you can handle it all?"", ""Junior 3: I think so. I'm confident that I can get it all done by the deadline."", ""Manager: I'm glad to hear that. Well, that's all for our standup meeting today. Thank you all for your hard work and dedication. Keep up the good work."", ""Junior 1, 2, 3: Thank you, [Manager's name].""]}"
4,wordpress development,"```
{
 ""date"": ""2023-03-08"",
 ""time"": ""10:00 AM"",
 ""attendess"": [
  ""Manager"",
  ""Junior 1"",
  ""Junior 2"",
  ""Junior 3"",
  ""Junior 4""
 ],
 ""transcript"": [
  ""Manager: Good morning, team. Let's start our daily standup meeting. Junior 1, can you tell us what you worked on yesterday and what you're planning to do today?"",
  ""Junior 1: Yesterday, I completed the design for the new homepage. Today, I'll start working on the development."",
  ""Manager: Great. Junior 2, what about you?"",
  ""Junior 2: I finished the backend integration for the new blog feature. Today, I'll start working on the frontend."",
  ""Manager: That's great progress. Junior 3, what did you accomplish yesterday?"",
  ""Junior 3: I created a new plugin for the site that allows users to easily add social media buttons to their posts. Today, I'll continue working on the plugin and add some additional features."",
  ""Manager: Excellent. Junior 4, what are you working on?"",
  ""Junior 4: I've been working on the new checkout process for the e-commerce section of the site. I completed the design yesterday, and today I'll start the development."",
  ""Manager: That's great. Are there any blockers that any of you are facing?"",
  ""Junior 2: I'm having some trouble with the integration of the new blog feature with the existing theme. I'll need to do some additional research to find a solution."",
  ""Manager: I'll assign a senior developer to help you with that. In the meantime, keep working on the other tasks."",
  ""Junior 2: Thanks, Manager."",
  ""Manager: Okay, everyone. Keep up the good work. We're making great progress on this project."",
  ""All: Thank you, Manager.""
 ]
}
```","{
    ""Junior 1"": [[
        ""Current Task: Start working on the development of the new homepage."",
        ""Completed Task: Completed the design for the new homepage."",
    ]],
    ""Junior 2"": [[
        ""Current Task: Start working on the frontend of the new blog feature."",
        ""Completed Task: Finished the backend integration for the new blog feature."",
    ]],
    ""Junior 3"": [[
        ""Current Task: Continue working on the plugin and add some additional features."",
        ""Completed Task: Created a new plugin that allows users to easily add social media buttons to their posts.""
    ]],
    ""Junior 4"": [[
        ""Current Task: Start the development of the new checkout process for the e-commerce section."",
        ""Completed Task: Completed the design for the new checkout process.""
    ]],
    ""Manager"": [
        ""Great."",
        ""That's great progress."",
        ""Excellent."",
        ""That's great."",
        ""I'll assign a senior developer to help you with that. In the meantime, keep working on the other tasks.""
    ]
}","{'date': '2023-03-08', 'time': '10:00 AM', 'attendess': ['Manager', 'Junior 1', 'Junior 2', 'Junior 3', 'Junior 4'], 'transcript': [""Manager: Good morning, team. Let's start our daily standup meeting. Junior 1, can you tell us what you worked on yesterday and what you're planning to do today?"", ""Junior 1: Yesterday, I completed the design for the new homepage. Today, I'll start working on the development."", 'Manager: Great. Junior 2, what about you?', ""Junior 2: I finished the backend integration for the new blog feature. Today, I'll start working on the frontend."", ""Manager: That's great progress. Junior 3, what did you accomplish yesterday?"", ""Junior 3: I created a new plugin for the site that allows users to easily add social media buttons to their posts. Today, I'll continue working on the plugin and add some additional features."", 'Manager: Excellent. Junior 4, what are you working on?', ""Junior 4: I've been working on the new checkout process for the e-commerce section of the site. I completed the design yesterday, and today I'll start the development."", ""Manager: That's great. Are there any blockers that any of you are facing?"", ""Junior 2: I'm having some trouble with the integration of the new blog feature with the existing theme. I'll need to do some additional research to find a solution."", ""Manager: I'll assign a senior developer to help you with that. In the meantime, keep working on the other tasks."", 'Junior 2: Thanks, Manager.', ""Manager: Okay, everyone. Keep up the good work. We're making great progress on this project."", 'All: Thank you, Manager.']}"
5,data analytics,"```json
{
    ""date"": ""2023-03-09"",
    ""time"": ""10:00 AM"",
    ""attendess"": [""Manager"", ""Junior 1"", ""Junior 2"", ""Junior 3"", ""Junior 4"", ""Junior 5""],
    ""transcript"": ""**Manager:** Good morning, team. Let's start with our daily standup. Junior 1, what did you accomplish yesterday?

**Junior 1:** I completed the data cleaning and preparation for the customer churn analysis. I also created a visualization dashboard to summarize the key findings.

**Manager:** Great work, Junior 1. Junior 2, what are you working on today?

**Junior 2:** I'm currently working on building a predictive model to identify customers at risk of churning. I'm using a variety of machine learning algorithms, including logistic regression and decision trees.

**Manager:** That's great progress, Junior 2. Junior 3, do you have any updates?

**Junior 3:** I've been working on developing a natural language processing model to analyze customer feedback. I'm using a deep learning algorithm called BERT to extract insights from customer reviews.

**Manager:** That sounds very interesting, Junior 3. Junior 4, what are you working on?

**Junior 4:** I'm currently working on a project to optimize the company's marketing campaigns. I'm using data analytics to identify key customer segments and develop targeted marketing strategies.

**Manager:** That's a great initiative, Junior 4. Junior 5, what are you working on?

**Junior 5:** I'm working on a project to improve the efficiency of the company's supply chain. I'm using data analytics to identify inefficiencies and develop solutions to optimize the supply chain.

**Manager:** That's a very important project, Junior 5. Are there any blockers or challenges that you're facing?

**Junior 1:** I'm having some trouble accessing the customer churn data. I've reached out to the IT team, but I haven't heard back yet.

**Manager:** I'll follow up with the IT team to make sure you get access to the data as soon as possible.

**Junior 3:** I'm having some difficulty understanding the documentation for the BERT algorithm. I've reached out to a few online forums, but I haven't found a clear explanation yet.

**Manager:** I'll connect you with a data scientist who has experience with BERT. They can help you understand the documentation and get your project moving forward.

**Manager:** Thank you, everyone, for your updates. Keep up the good work. We'll meet again tomorrow for our next daily standup.""
}
```","```json
{
    ""Junior 1"": [
        {
            ""Current Task"": null,
            ""Completed Task"": ""Completed the data cleaning and preparation for the customer churn analysis. Created a visualization dashboard to summarize the key findings.""
        }
    ],
    ""Junior 2"": [
        {
            ""Current Task"": ""Building a predictive model to identify customers at risk of churning using machine learning algorithms (logistic regression and decision trees)"",
            ""Completed Task"": null
        }
    ],
    ""Junior 3"": [
        {
            ""Current Task"": ""Developing a natural language processing model to analyze customer feedback using a deep learning algorithm called BERT"",
            ""Completed Task"": null
        }
    ],
    ""Junior 4"": [
        {
            ""Current Task"": ""Optimizing the company's marketing campaigns using data analytics to identify key customer segments and develop targeted marketing strategies"",
            ""Completed Task"": null
        }
    ],
    ""Junior 5"": [
        {
            ""Current Task"": ""Improving the efficiency of the company's supply chain using data analytics to identify inefficiencies and develop solutions"",
            ""Completed Task"": null
        }
    ],
    ""Manager"": [
        {
            ""Comments"": ""Great work, Junior 1.""
        },
        {
            ""Comments"": ""That's great progress, Junior 2.""
        },
        {
            ""Comments"": ""That sounds very interesting, Junior 3.""
        },
        {
            ""Comments"": ""That's a great initiative, Junior 4.""
        },
        {
            ""Comments"": ""That's a very important project, Junior 5.""
        }
    ]
}
```","{'date': '2023-03-09', 'time': '10:00 AM', 'attendess': ['Manager', 'Junior 1', 'Junior 2', 'Junior 3', 'Junior 4', 'Junior 5'], 'transcript': ""**Manager:** Good morning, team. Let's start with our daily standup. Junior 1, what did you accomplish yesterday?**Junior 1:** I completed the data cleaning and preparation for the customer churn analysis. I also created a visualization dashboard to summarize the key findings.**Manager:** Great work, Junior 1. Junior 2, what are you working on today?**Junior 2:** I'm currently working on building a predictive model to identify customers at risk of churning. I'm using a variety of machine learning algorithms, including logistic regression and decision trees.**Manager:** That's great progress, Junior 2. Junior 3, do you have any updates?**Junior 3:** I've been working on developing a natural language processing model to analyze customer feedback. I'm using a deep learning algorithm called BERT to extract insights from customer reviews.**Manager:** That sounds very interesting, Junior 3. Junior 4, what are you working on?**Junior 4:** I'm currently working on a project to optimize the company's marketing campaigns. I'm using data analytics to identify key customer segments and develop targeted marketing strategies.**Manager:** That's a great initiative, Junior 4. Junior 5, what are you working on?**Junior 5:** I'm working on a project to improve the efficiency of the company's supply chain. I'm using data analytics to identify inefficiencies and develop solutions to optimize the supply chain.**Manager:** That's a very important project, Junior 5. Are there any blockers or challenges that you're facing?**Junior 1:** I'm having some trouble accessing the customer churn data. I've reached out to the IT team, but I haven't heard back yet.**Manager:** I'll follow up with the IT team to make sure you get access to the data as soon as possible.**Junior 3:** I'm having some difficulty understanding the documentation for the BERT algorithm. I've reached out to a few online forums, but I haven't found a clear explanation yet.**Manager:** I'll connect you with a data scientist who has experience with BERT. They can help you understand the documentation and get your project moving forward.**Manager:** Thank you, everyone, for your updates. Keep up the good work. We'll meet again tomorrow for our next daily standup.""}"
2,data cleaning,"```
{
 ""date"": ""2023-02-08"",
 ""time"": ""10:00 AM"",
 ""attendess"": [
  ""Manager"",
  ""Junior 1"",
  ""Junior 2""
 ],
 ""transcript"":
  ""Manager: Good morning, everyone. Let's start our daily standup meeting. Junior 1, can you please share your progress on the data cleaning project?

Junior 1: Sure. Yesterday, I completed the task of cleaning and organizing the customer data. I removed all the duplicate and incomplete entries, and I also standardized the data format. Today, I'll be working on cleaning and organizing the product data.

Manager: Great work, Junior 1. Keep up the good progress. Junior 2, what about you?

Junior 2: I also made good progress yesterday. I cleaned and organized the sales data. I removed all the outliers and corrected the data types. Today, I'll be working on cleaning and organizing the marketing data.

Manager: Excellent work, Junior 2. I'm glad to see that both of you are making steady progress. Are there any blockers or challenges that you're facing?

Junior 1: I have a question about the data cleaning process. I'm not sure how to handle missing values. Should I remove them or impute them?

Manager: That's a good question. In general, it's best to impute missing values rather than removing them. You can use various methods for imputation, such as mean imputation, median imputation, or multiple imputation.

Junior 2: I'm also facing a challenge. I'm having trouble understanding the data dictionary. Some of the terms and definitions are unclear.

Manager: I see. I'll make sure to provide you with a more detailed data dictionary. In the meantime, you can try to infer the meaning of the terms from the context.

Manager: Okay, that's all for today's standup meeting. Keep up the good work, and let's continue to collaborate and support each other. If you have any questions or concerns, feel free to reach out to me or your teammates.

[Meeting ends]""
}
```","{
    ""Junior 1"": [
        {
            ""Current Task"": ""Cleaning and organizing the product data"",
            ""Completed Task"": ""Cleaning and organizing the customer data""
        }
    ],
    ""Junior 2"": [
        {
            ""Current Task"": ""Cleaning and organizing the marketing data"",
            ""Completed Task"": ""Cleaning and organizing the sales data""
        }
    ],
    ""Manager"": [
        {
            ""Comments"": ""Great work, Junior 1. Keep up the good progress.""
        },
        {
            ""Comments"": ""Excellent work, Junior 2. I'm glad to see that both of you are making steady progress.""
        }
    ]
}","{'date': '2023-02-08', 'time': '10:00 AM', 'attendess': ['Manager', 'Junior 1', 'Junior 2'], 'transcript': ""Manager: Good morning, everyone. Let's start our daily standup meeting. Junior 1, can you please share your progress on the data cleaning project?Junior 1: Sure. Yesterday, I completed the task of cleaning and organizing the customer data. I removed all the duplicate and incomplete entries, and I also standardized the data format. Today, I'll be working on cleaning and organizing the product data.Manager: Great work, Junior 1. Keep up the good progress. Junior 2, what about you?Junior 2: I also made good progress yesterday. I cleaned and organized the sales data. I removed all the outliers and corrected the data types. Today, I'll be working on cleaning and organizing the marketing data.Manager: Excellent work, Junior 2. I'm glad to see that both of you are making steady progress. Are there any blockers or challenges that you're facing?Junior 1: I have a question about the data cleaning process. I'm not sure how to handle missing values. Should I remove them or impute them?Manager: That's a good question. In general, it's best to impute missing values rather than removing them. You can use various methods for imputation, such as mean imputation, median imputation, or multiple imputation.Junior 2: I'm also facing a challenge. I'm having trouble understanding the data dictionary. Some of the terms and definitions are unclear.Manager: I see. I'll make sure to provide you with a more detailed data dictionary. In the meantime, you can try to infer the meaning of the terms from the context.Manager: Okay, that's all for today's standup meeting. Keep up the good work, and let's continue to collaborate and support each other. If you have any questions or concerns, feel free to reach out to me or your teammates.[Meeting ends]""}"
3,devops,"```
{
 ""date"": ""2023-03-29"",
 ""time"": ""10:00 AM"",
 ""attendess"": [
  ""Manager"",
  ""Junior 1"",
  ""Junior 2"",
  ""Junior 3""
 ],
 ""transcript"": ""**Manager:** Good morning, team. Let's start our daily standup meeting. Junior 1, please share your updates.

**Junior 1:** Good morning, everyone. Yesterday, I completed the task of setting up the CI/CD pipeline for the new project. Today, I'll be working on writing the unit tests and integrating them into the pipeline. I don't have any blockers at the moment.

**Manager:** Excellent work, Junior 1. Keep up the good progress. Junior 2, it's your turn.

**Junior 2:** Good morning, team. Yesterday, I worked on creating the user interface for the new project. I completed the design and development of the login page. Today, I'll be working on the registration page and adding some basic functionality. I don't have any blockers, but I do have a question. I'm not sure how to handle user authentication and authorization. Can someone help me with that?

**Manager:** I'll be happy to help you with that, Junior 2. We can discuss it after the meeting. Junior 3, please share your updates.

**Junior 3:** Good morning, team. Yesterday, I worked on the backend of the new project. I implemented the API endpoints for user management and product management. Today, I'll work on the API endpoints for order management and payment processing. I have one blocker. I'm having difficulty integrating the payment gateway with our system. I've tried several solutions, but none of them seem to work.

**Manager:** I understand, Junior 3. I'll assign a senior developer to help you with that. In the meantime, you can continue working on the other tasks.

**Manager:** That's all for the standup meeting today. Keep up the good work, team. We're making great progress on the new project.

**Junior 1:** Thank you, Manager.

**Junior 2:** Thank you, Manager.

**Junior 3:** Thank you, Manager.""
}
```","{
  ""Junior 1"": [
    {
      ""Current Task"": ""Writing unit tests and integrating them into the CI/CD pipeline"",
      ""Completed Task"": ""Setting up the CI/CD pipeline for the new project""
    }
  ],
  ""Junior 2"": [
    {
      ""Current Task"": ""Creating the registration page and adding some basic functionality"",
      ""Completed Task"": ""Completing the design and development of the login page""
    }
  ],
  ""Junior 3"": [
    {
      ""Current Task"": ""Working on API endpoints for order management and payment processing"",
      ""Completed Task"": ""Implementing the API endpoints for user management and product management""
    }
  ],
  ""Manager"": [
    {
      ""Comment"": ""Excellent work, Junior 1. Keep up the good progress."",
      ""Junior"": ""Junior 1""
    },
    {
      ""Comment"": ""I'll be happy to help you with that, Junior 2. We can discuss it after the meeting."",
      ""Junior"": ""Junior 2""
    },
    {
      ""Comment"": ""I understand, Junior 3. I'll assign a senior developer to help you with that."",
      ""Junior"": ""Junior 3""
    }
  ]
}","{'date': '2023-03-29', 'time': '10:00 AM', 'attendess': ['Manager', 'Junior 1', 'Junior 2', 'Junior 3'], 'transcript': ""**Manager:** Good morning, team. Let's start our daily standup meeting. Junior 1, please share your updates.**Junior 1:** Good morning, everyone. Yesterday, I completed the task of setting up the CI/CD pipeline for the new project. Today, I'll be working on writing the unit tests and integrating them into the pipeline. I don't have any blockers at the moment.**Manager:** Excellent work, Junior 1. Keep up the good progress. Junior 2, it's your turn.**Junior 2:** Good morning, team. Yesterday, I worked on creating the user interface for the new project. I completed the design and development of the login page. Today, I'll be working on the registration page and adding some basic functionality. I don't have any blockers, but I do have a question. I'm not sure how to handle user authentication and authorization. Can someone help me with that?**Manager:** I'll be happy to help you with that, Junior 2. We can discuss it after the meeting. Junior 3, please share your updates.**Junior 3:** Good morning, team. Yesterday, I worked on the backend of the new project. I implemented the API endpoints for user management and product management. Today, I'll work on the API endpoints for order management and payment processing. I have one blocker. I'm having difficulty integrating the payment gateway with our system. I've tried several solutions, but none of them seem to work.**Manager:** I understand, Junior 3. I'll assign a senior developer to help you with that. In the meantime, you can continue working on the other tasks.**Manager:** That's all for the standup meeting today. Keep up the good work, team. We're making great progress on the new project.**Junior 1:** Thank you, Manager.**Junior 2:** Thank you, Manager.**Junior 3:** Thank you, Manager.""}"
5,data science,"```
{
 ""date"": ""2023-03-08"",
 ""time"": ""10:00 AM"",
 ""attendess"": [
  ""Manager"",
  ""Junior 1"",
  ""Junior 2"",
  ""Junior 3"",
  ""Junior 4"",
  ""Junior 5""
 ],
 ""transcript"": ""**Manager**: Good morning, team. Let's start our daily standup meeting. Junior 1, can you share your completed tasks and current tasks for today?

**Junior 1**: Good morning, manager. Yesterday, I completed the data cleaning and preprocessing tasks for the customer churn prediction project. Today, I will work on feature engineering and model selection.

**Manager**: Great work, Junior 1. Junior 2, what about you?

**Junior 2**: Good morning, manager. I've been working on the natural language processing project. Yesterday, I finished training the sentiment analysis model. Today, I'm going to deploy the model and start evaluating its performance.

**Manager**: Excellent, Junior 2. Keep up the good work. Junior 3, what's your status?

**Junior 3**: Good morning, manager. I've been working on the image classification project. Yesterday, I completed the data labeling task. Today, I'm going to train and evaluate different convolutional neural network models.

**Manager**: That's great progress, Junior 3. Junior 4, what are you working on today?

**Junior 4**: Good morning, manager. I'm working on the time series forecasting project. Yesterday, I explored various time series decomposition techniques. Today, I'm going to build and evaluate different forecasting models.

**Manager**: Good luck with that, Junior 4. Junior 5, what's your update?

**Junior 5**: Good morning, manager. I've been working on the anomaly detection project. Yesterday, I implemented several anomaly detection algorithms. Today, I'm going to tune the hyperparameters of these algorithms and evaluate their performance.

**Manager**: Awesome, Junior 5. That covers everyone's updates for today. Does anyone have any blockers or challenges that they need help with?

**Junior 1**: I'm having some trouble selecting the right features for the customer churn prediction project.

**Manager**: Junior 2, can you help Junior 1 with feature selection?

**Junior 2**: Sure, I'd be happy to.

**Manager**: Great. That's it for today's standup meeting. Keep up the good work, team.""
}
```","{""Junior 1"": [[""Feature engineering and model selection"", ""Data cleaning and preprocessing""]],
""Junior 2"": [[""Deploy and evaluate the model"", ""Training the sentiment analysis model""]],
""Junior 3"": [[""Train and evaluate different convolutional neural network models"", ""Data labeling task""]],
""Junior 4"": [[""Build and evaluate different forecasting models"", ""Exploring various time series decomposition techniques""]],
""Junior 5"": [[""Tune the hyperparameters of these algorithms and evaluate their performance"", ""Implemented several anomaly detection algorithms""]],
""Manager"": [""Great work, Junior 1"", ""Excellent, Junior 2"", ""That's great progress, Junior 3"", ""Good luck with that, Junior 4"", ""Awesome, Junior 5""]}","{'date': '2023-03-08', 'time': '10:00 AM', 'attendess': ['Manager', 'Junior 1', 'Junior 2', 'Junior 3', 'Junior 4', 'Junior 5'], 'transcript': ""**Manager**: Good morning, team. Let's start our daily standup meeting. Junior 1, can you share your completed tasks and current tasks for today?**Junior 1**: Good morning, manager. Yesterday, I completed the data cleaning and preprocessing tasks for the customer churn prediction project. Today, I will work on feature engineering and model selection.**Manager**: Great work, Junior 1. Junior 2, what about you?**Junior 2**: Good morning, manager. I've been working on the natural language processing project. Yesterday, I finished training the sentiment analysis model. Today, I'm going to deploy the model and start evaluating its performance.**Manager**: Excellent, Junior 2. Keep up the good work. Junior 3, what's your status?**Junior 3**: Good morning, manager. I've been working on the image classification project. Yesterday, I completed the data labeling task. Today, I'm going to train and evaluate different convolutional neural network models.**Manager**: That's great progress, Junior 3. Junior 4, what are you working on today?**Junior 4**: Good morning, manager. I'm working on the time series forecasting project. Yesterday, I explored various time series decomposition techniques. Today, I'm going to build and evaluate different forecasting models.**Manager**: Good luck with that, Junior 4. Junior 5, what's your update?**Junior 5**: Good morning, manager. I've been working on the anomaly detection project. Yesterday, I implemented several anomaly detection algorithms. Today, I'm going to tune the hyperparameters of these algorithms and evaluate their performance.**Manager**: Awesome, Junior 5. That covers everyone's updates for today. Does anyone have any blockers or challenges that they need help with?**Junior 1**: I'm having some trouble selecting the right features for the customer churn prediction project.**Manager**: Junior 2, can you help Junior 1 with feature selection?**Junior 2**: Sure, I'd be happy to.**Manager**: Great. That's it for today's standup meeting. Keep up the good work, team.""}"
4,wordpress development,"{
 ""date"": ""2023-03-08"",
 ""time"": ""10:00 AM"",
 ""attendess"": [""Manager"", ""Junior 1"", ""Junior 2"", ""Junior 3"", ""Junior 4""],
 ""transcript"": 
 ""**Manager:** Good morning, everyone. Let's start our daily standup meeting.

**Junior 1:** Good morning. Yesterday, I completed the design for the new website. Today, I'll be working on the development.

**Junior 2:** Good morning. I finished coding the registration and login pages. Today, I'll be working on the product pages.

**Junior 3:** Good morning. Yesterday, I worked on the integration of the payment gateway. Today, I'll be testing the payment process.

**Junior 4:** Good morning. I finished the development of the admin dashboard. Today, I'll be working on the content management system.

**Manager:** Great work, everyone. Are there any blockers or challenges that you're facing?

**Junior 1:** I'm having some trouble with the integration of the contact form.

**Manager:** Okay, I'll assign someone to help you with that.

**Junior 2:** I'm not sure how to implement the search functionality.

**Manager:** Let's discuss that in more detail after the meeting.

**Manager:** Thank you for your updates. Keep up the good work.""
}","{
""Junior_1"": [
        {
            ""Current Task"": ""Working on the development of the new website."",
            ""Completed Task"": ""Completed the design for the new website.""
        }
    ],
    ""Junior_2"": [
        {
            ""Current Task"": ""Working on the product pages."",
            ""Completed Task"": ""Finished coding the registration and login pages.""
        }
    ],
    ""Junior_3"": [
        {
            ""Current Task"": ""Testing the payment process."",
            ""Completed Task"": ""Worked on the integration of the payment gateway.""
        }
    ],
    ""Junior_4"": [
        {
            ""Current Task"": ""Working on the content management system."",
            ""Completed Task"": ""Finished the development of the admin dashboard.""
        }
    ],
    ""Manager"": [
        {
            ""Comments"": ""Assigned someone to help with the integration of the contact form.""
        },
        {
            ""Comments"": ""Suggested discussing the implementation of the search functionality in more detail after the meeting.""
        }
    ]
}","{'date': '2023-03-08', 'time': '10:00 AM', 'attendess': ['Manager', 'Junior 1', 'Junior 2', 'Junior 3', 'Junior 4'], 'transcript': ""**Manager:** Good morning, everyone. Let's start our daily standup meeting.**Junior 1:** Good morning. Yesterday, I completed the design for the new website. Today, I'll be working on the development.**Junior 2:** Good morning. I finished coding the registration and login pages. Today, I'll be working on the product pages.**Junior 3:** Good morning. Yesterday, I worked on the integration of the payment gateway. Today, I'll be testing the payment process.**Junior 4:** Good morning. I finished the development of the admin dashboard. Today, I'll be working on the content management system.**Manager:** Great work, everyone. Are there any blockers or challenges that you're facing?**Junior 1:** I'm having some trouble with the integration of the contact form.**Manager:** Okay, I'll assign someone to help you with that.**Junior 2:** I'm not sure how to implement the search functionality.**Manager:** Let's discuss that in more detail after the meeting.**Manager:** Thank you for your updates. Keep up the good work.""}"
4,web deveopment,"```
{
 ""date"": ""2023-03-08"",
 ""time"": ""10:00 AM"",
 ""attendess"": [""Manager"", ""Junior 1"", ""Junior 2"", ""Junior 3"", ""Junior 4""],
 ""transcript"": [
  ""**Manager:** Good morning team. Welcome to our daily standup meeting."",
  ""**Junior 1:** Good morning, everyone."",
  ""**Junior 2:** Good morning."",
  ""**Junior 3:** Good morning."",
  ""**Junior 4:** Good morning."",
  ""**Manager:** Let's start with Junior 1. What did you work on yesterday?"",
  ""**Junior 1:** I worked on the home page of the website. I added a new section that highlights our latest products."",
  ""**Manager:** Great work. What are you planning to work on today?"",
  ""**Junior 1:** I'm going to work on the product pages. I'll add more detailed information about each product."",
  ""**Manager:** Sounds good. Any blockers?"",
  ""**Junior 1:** No, I don't have any blockers."",
  ""**Manager:** Great. Junior 2, what about you?"",
  ""**Junior 2:** I worked on the checkout page. I fixed a few bugs that were causing errors when users tried to place orders."",
  ""**Manager:** Nice. What are you working on today?"",
  ""**Junior 2:** I'm going to work on the shopping cart page. I'll add a feature that allows users to compare products."",
  ""**Manager:** That's a great idea. Any blockers?"",
  ""**Junior 2:** No, I don't have any blockers."",
  ""**Manager:** Junior 3, your turn."",
  ""**Junior 3:** I worked on the blog section of the website. I published a new post about the benefits of using our products."",
  ""**Manager:** That's great content. What are you working on today?"",
  ""**Junior 3:** I'm going to work on a new landing page for a new product launch."",
  ""**Manager:** Sounds exciting. Any blockers?"",
  ""**Junior 3:** I'm waiting for some marketing materials from the marketing team. Once I have those, I can start working on the landing page."",
  ""**Manager:** No problem. I'll follow up with them. Junior 4, what did you work on yesterday?"",
  ""**Junior 4:** I worked on the mobile version of the website. I fixed a few layout issues and made sure that the site is responsive on all devices."",
  ""**Manager:** Great job. What are you working on today?"",
  ""**Junior 4:** I'm going to continue working on the mobile version of the website. I'll add some new features that will make the site more user-friendly."",
  ""**Manager:** That sounds great. Any blockers?"",
  ""**Junior 4:** No, I don't have any blockers."",
  ""**Manager:** Perfect. Thank you everyone for your updates. Keep up the good work."",
  ""**Team:** Thank you, Manager."",
  ""**Meeting adjourned.**""
 ]
}
```","{
  ""Junior 1"": [
    {
      ""Current Task"": ""Work on the product pages to add more detailed information about each product."",
      ""Completed Task"": ""Added a new section to the home page of the website highlighting the latest products.""
    }
  ],
  ""Junior 2"": [
    {
      ""Current Task"": ""Work on the shopping cart page to add a feature that allows users to compare products."",
      ""Completed Task"": ""Fixed bugs on the checkout page that were causing errors when users tried to place orders.""
    }
  ],
  ""Junior 3"": [
    {
      ""Current Task"": ""Work on a new landing page for a new product launch."",
      ""Completed Task"": ""Published a new blog post about the benefits of using the company's products.""
    }
  ],
  ""Junior 4"": [
    {
      ""Current Task"": ""Continue working on the mobile version of the website, adding new features to make it more user-friendly."",
      ""Completed Task"": ""Fixed layout issues and ensured responsiveness on all devices.""
    }
  ],
  ""Manager"": [
    {
      ""Comments"": ""Great work on adding the new section to the home page showcasing the latest products.""
    },
    {
      ""Comments"": ""Nice job fixing the bugs on the checkout page. The shopping cart feature sounds like a great addition.""
    },
    {
      ""Comments"": ""That's great content for the blog. I'm excited to see the new landing page for the product launch.""
    },
    {
      ""Comments"": ""Great job on fixing the layout issues and making the mobile site responsive.""
    }
  ]
}","{'date': '2023-03-08', 'time': '10:00 AM', 'attendess': ['Manager', 'Junior 1', 'Junior 2', 'Junior 3', 'Junior 4'], 'transcript': ['**Manager:** Good morning team. Welcome to our daily standup meeting.', '**Junior 1:** Good morning, everyone.', '**Junior 2:** Good morning.', '**Junior 3:** Good morning.', '**Junior 4:** Good morning.', ""**Manager:** Let's start with Junior 1. What did you work on yesterday?"", '**Junior 1:** I worked on the home page of the website. I added a new section that highlights our latest products.', '**Manager:** Great work. What are you planning to work on today?', ""**Junior 1:** I'm going to work on the product pages. I'll add more detailed information about each product."", '**Manager:** Sounds good. Any blockers?', ""**Junior 1:** No, I don't have any blockers."", '**Manager:** Great. Junior 2, what about you?', '**Junior 2:** I worked on the checkout page. I fixed a few bugs that were causing errors when users tried to place orders.', '**Manager:** Nice. What are you working on today?', ""**Junior 2:** I'm going to work on the shopping cart page. I'll add a feature that allows users to compare products."", ""**Manager:** That's a great idea. Any blockers?"", ""**Junior 2:** No, I don't have any blockers."", '**Manager:** Junior 3, your turn.', '**Junior 3:** I worked on the blog section of the website. I published a new post about the benefits of using our products.', ""**Manager:** That's great content. What are you working on today?"", ""**Junior 3:** I'm going to work on a new landing page for a new product launch."", '**Manager:** Sounds exciting. Any blockers?', ""**Junior 3:** I'm waiting for some marketing materials from the marketing team. Once I have those, I can start working on the landing page."", ""**Manager:** No problem. I'll follow up with them. Junior 4, what did you work on yesterday?"", '**Junior 4:** I worked on the mobile version of the website. I fixed a few layout issues and made sure that the site is responsive on all devices.', '**Manager:** Great job. What are you working on today?', ""**Junior 4:** I'm going to continue working on the mobile version of the website. I'll add some new features that will make the site more user-friendly."", '**Manager:** That sounds great. Any blockers?', ""**Junior 4:** No, I don't have any blockers."", '**Manager:** Perfect. Thank you everyone for your updates. Keep up the good work.', '**Team:** Thank you, Manager.', '**Meeting adjourned.**']}"
5,data cleaning,"```
{
 ""date"": ""2023-03-08"",
 ""time"": ""10:00 AM"",
 ""attendess"": [
  ""Manager"",
  ""Junior 1"",
  ""Junior 2"",
  ""Junior 3"",
  ""Junior 4"",
  ""Junior 5""
 ],
 ""transcript"": [
  ""Manager: Good morning, team. Let's start with our daily standup meeting."",
  ""Junior 1: Yesterday, I completed the task of cleaning and organizing the customer data. Today, I will start working on the task of analyzing the data to identify trends and patterns."",
  ""Junior 2: Yesterday, I completed the task of cleaning and organizing the product data. Today, I will start working on the task of creating a data visualization dashboard to present the data in a clear and concise manner."",
  ""Junior 3: Yesterday, I completed the task of cleaning and organizing the sales data. Today, I will start working on the task of developing a machine learning model to predict future sales."",
  ""Junior 4: Yesterday, I completed the task of cleaning and organizing the marketing data. Today, I will start working on the task of creating a social media campaign to promote the company's products and services."",
  ""Junior 5: Yesterday, I completed the task of cleaning and organizing the financial data. Today, I will start working on the task of creating a budget for the company's next fiscal year."",
  ""Manager: Thank you for the updates, team. I appreciate your hard work and dedication. If you have any questions or concerns, please don't hesitate to reach out to me."",
  ""Junior 1: I have a question about the data analysis task. I'm not sure which statistical methods to use to identify trends and patterns in the data."",
  ""Manager: That's a great question. There are a variety of statistical methods that you can use, depending on the specific data set and the research questions you are trying to answer. I recommend doing some research on different statistical methods and choosing the ones that are most appropriate for your task."",
  ""Junior 2: I have a question about the data visualization task. I'm not sure which software to use to create a data visualization dashboard."",
  ""Manager: There are a number of different software programs that you can use to create data visualization dashboards. Some popular options include Tableau, Power BI, and Google Data Studio. I recommend doing some research on different software programs and choosing the one that is most appropriate for your needs."",
  ""Junior 3: I have a question about the machine learning task. I'm not sure which machine learning algorithm to use to predict future sales."",
  ""Manager: There are a number of different machine learning algorithms that you can use to predict future sales. Some popular options include linear regression, decision trees, and random forests. I recommend doing some research on different machine learning algorithms and choosing the one that is most appropriate for your task."",
  ""Manager: That's all for today's meeting. Thank you for your time and hard work. I look forward to seeing the progress you make on your tasks.""
 ]
}
```","{
  ""Junior1"": [
    {
      ""Current Task"": ""Analyzing customer data to identify trends and patterns"",
      ""Completed Task"": ""Cleaning and organizing customer data""
    }
  ],
  ""Junior2"": [
    {
      ""Current Task"": ""Creating a data visualization dashboard"",
      ""Completed Task"": ""Cleaning and organizing product data""
    }
  ],
  ""Junior3"": [
    {
      ""Current Task"": ""Developing a machine learning model to predict future sales"",
      ""Completed Task"": ""Cleaning and organizing sales data""
    }
  ],
  ""Junior4"": [
    {
      ""Current Task"": ""Creating a social media campaign"",
      ""Completed Task"": ""Cleaning and organizing marketing data""
    }
  ],
  ""Junior5"": [
    {
      ""Current Task"": ""Creating a budget for the next fiscal year"",
      ""Completed Task"": ""Cleaning and organizing financial data""
    }
  ],
  ""Manager"": [
    ""Thank you for the updates, team. I appreciate your hard work and dedication."",
    ""That's a great question. There are a variety of statistical methods that you can use, depending on the specific data set and the research questions you are trying to answer. I recommend doing some research on different statistical methods and choosing the ones that are most appropriate for your task."",
    ""There are a number of different software programs that you can use to create data visualization dashboards. Some popular options include Tableau, Power BI, and Google Data Studio. I recommend doing some research on different software programs and choosing the one that is most appropriate for your needs."",
    ""There are a number of different machine learning algorithms that you can use to predict future sales. Some popular options include linear regression, decision trees, and random forests. I recommend doing some research on different machine learning algorithms and choosing the one that is most appropriate for your task."",
    ""That's all for today's meeting. Thank you for your time and hard work. I look forward to seeing the progress you make on your tasks.""
  ]
}","{'date': '2023-03-08', 'time': '10:00 AM', 'attendess': ['Manager', 'Junior 1', 'Junior 2', 'Junior 3', 'Junior 4', 'Junior 5'], 'transcript': [""Manager: Good morning, team. Let's start with our daily standup meeting."", 'Junior 1: Yesterday, I completed the task of cleaning and organizing the customer data. Today, I will start working on the task of analyzing the data to identify trends and patterns.', 'Junior 2: Yesterday, I completed the task of cleaning and organizing the product data. Today, I will start working on the task of creating a data visualization dashboard to present the data in a clear and concise manner.', 'Junior 3: Yesterday, I completed the task of cleaning and organizing the sales data. Today, I will start working on the task of developing a machine learning model to predict future sales.', ""Junior 4: Yesterday, I completed the task of cleaning and organizing the marketing data. Today, I will start working on the task of creating a social media campaign to promote the company's products and services."", ""Junior 5: Yesterday, I completed the task of cleaning and organizing the financial data. Today, I will start working on the task of creating a budget for the company's next fiscal year."", ""Manager: Thank you for the updates, team. I appreciate your hard work and dedication. If you have any questions or concerns, please don't hesitate to reach out to me."", ""Junior 1: I have a question about the data analysis task. I'm not sure which statistical methods to use to identify trends and patterns in the data."", ""Manager: That's a great question. There are a variety of statistical methods that you can use, depending on the specific data set and the research questions you are trying to answer. I recommend doing some research on different statistical methods and choosing the ones that are most appropriate for your task."", ""Junior 2: I have a question about the data visualization task. I'm not sure which software to use to create a data visualization dashboard."", 'Manager: There are a number of different software programs that you can use to create data visualization dashboards. Some popular options include Tableau, Power BI, and Google Data Studio. I recommend doing some research on different software programs and choosing the one that is most appropriate for your needs.', ""Junior 3: I have a question about the machine learning task. I'm not sure which machine learning algorithm to use to predict future sales."", 'Manager: There are a number of different machine learning algorithms that you can use to predict future sales. Some popular options include linear regression, decision trees, and random forests. I recommend doing some research on different machine learning algorithms and choosing the one that is most appropriate for your task.', ""Manager: That's all for today's meeting. Thank you for your time and hard work. I look forward to seeing the progress you make on your tasks.""]}"
2,web deveopment,"```json
{
  ""date"": ""2023-05-10"",
  ""time"": ""10:00 AM"",
  ""attendess"": [
    ""Manager"",
    ""Junior Developer 1"",
    ""Junior Developer 2""
  ],
  ""transcript"": [
    ""Manager: Good morning, team. Let's start with our daily standup meeting."",
    ""Junior Developer 1: Yesterday, I completed the design for the new user interface. Today, I'll be working on the implementation."",
    ""Junior Developer 2: I finished the backend integration for the new payment system. Today, I'll be testing the functionality."",
    ""Manager: Great, keep up the good work. Are there any blockers or challenges you're facing?"",
    ""Junior Developer 1: I'm having trouble with the styling of the user interface. I'm not sure how to make it responsive."",
    ""Junior Developer 2: I'm also facing a challenge. The payment system is not working properly on mobile devices."",
    ""Manager: I see. Let's discuss these challenges after the meeting. We'll find a solution together."",
    ""Manager: That's all for today's standup meeting. Thank you for your updates.""
  ]
}
```","{
  ""Junior"": [
    {
      ""Current Task"": ""Implement the design for the new user interface"",
      ""Completed Task"": ""Completed the design for the new user interface""
    },
    {
      ""Current Task"": ""Test the functionality of the new payment system"",
      ""Completed Task"": ""Finished the backend integration for the new payment system""
    }
  ],
  ""Manager"": [
    ""Great, keep up the good work.""
  ]
}","{'date': '2023-05-10', 'time': '10:00 AM', 'attendess': ['Manager', 'Junior Developer 1', 'Junior Developer 2'], 'transcript': [""Manager: Good morning, team. Let's start with our daily standup meeting."", ""Junior Developer 1: Yesterday, I completed the design for the new user interface. Today, I'll be working on the implementation."", ""Junior Developer 2: I finished the backend integration for the new payment system. Today, I'll be testing the functionality."", ""Manager: Great, keep up the good work. Are there any blockers or challenges you're facing?"", ""Junior Developer 1: I'm having trouble with the styling of the user interface. I'm not sure how to make it responsive."", ""Junior Developer 2: I'm also facing a challenge. The payment system is not working properly on mobile devices."", ""Manager: I see. Let's discuss these challenges after the meeting. We'll find a solution together."", ""Manager: That's all for today's standup meeting. Thank you for your updates.""]}"
3,mobile development(android),"```json
{
    ""date"": ""2023-03-08"",
    ""time"": ""10:00 AM"",
    ""attendess"": [
        ""Manager"",
        ""Junior 1"",
        ""Junior 2"",
        ""Junior 3""
    ],
    ""transcript"": ""**Manager:** Good morning, team. Let's start our daily standup meeting. Junior 1, can you please share your progress on the mobile app development project?

**Junior 1:** Good morning, everyone. Yesterday, I completed the task of integrating the payment gateway with the app. I also fixed a few bugs that were reported by the QA team. Today, I will be working on implementing the new user registration feature.

**Manager:** Thank you, Junior 1. Junior 2, what about you?

**Junior 2:** Good morning, everyone. Yesterday, I worked on the design of the app's user interface. I created a few mockups and got feedback from the team. Today, I will be finalizing the UI design and starting the development of the app.

**Manager:** That's great, Junior 2. Junior 3, what are you working on?

**Junior 3:** Good morning, everyone. Yesterday, I worked on the backend of the app. I set up the database and wrote the necessary APIs for the app to communicate with the database. Today, I will be working on integrating the backend with the frontend.

**Manager:** Thank you, Junior 3. Are there any blockers or challenges that you are facing?

**Junior 1:** I'm having a bit of trouble integrating the payment gateway with the app. I'm not sure how to handle the different payment methods that the app supports.

**Manager:** Don't worry, Junior 1. I'll assign a senior developer to help you with that.

**Junior 2:** I'm having some trouble finalizing the UI design. I'm not sure which colors and fonts to use.

**Manager:** That's okay, Junior 2. I'll arrange a meeting with the design team to help you out.

**Junior 3:** I'm not sure how to integrate the backend with the frontend. I've never done it before.

**Manager:** That's no problem, Junior 3. I'll pair you up with a senior developer who can guide you through the process.

**Manager:** Okay, team. That's all for today's standup meeting. Keep up the good work and let me know if you have any questions or concerns.""
}
```","{
    ""Junior 1"": [[
        ""Current Task: Implement the new user registration feature"",
        ""Completed Task: Integrated the payment gateway with the app, Fixed a few bugs""
    ]],
    ""Junior 2"": [[
        ""Current Task: Finalize the UI design and start the development of the app"",
        ""Completed Task: Created a few mockups and got feedback from the team""
    ]],
    ""Junior 3"": [[
        ""Current Task: Integrate the backend with the frontend"",
        ""Completed Task: Set up the database and wrote the necessary APIs for the app to communicate with the database""
    ]],
    ""Manager"": [
        ""Don't worry, Junior 1. I'll assign a senior developer to help you with that."",
        ""That's okay, Junior 2. I'll arrange a meeting with the design team to help you out."",
        ""That's no problem, Junior 3. I'll pair you up with a senior developer who can guide you through the process.""
    ]
}","{'date': '2023-03-08', 'time': '10:00 AM', 'attendess': ['Manager', 'Junior 1', 'Junior 2', 'Junior 3'], 'transcript': ""**Manager:** Good morning, team. Let's start our daily standup meeting. Junior 1, can you please share your progress on the mobile app development project?**Junior 1:** Good morning, everyone. Yesterday, I completed the task of integrating the payment gateway with the app. I also fixed a few bugs that were reported by the QA team. Today, I will be working on implementing the new user registration feature.**Manager:** Thank you, Junior 1. Junior 2, what about you?**Junior 2:** Good morning, everyone. Yesterday, I worked on the design of the app's user interface. I created a few mockups and got feedback from the team. Today, I will be finalizing the UI design and starting the development of the app.**Manager:** That's great, Junior 2. Junior 3, what are you working on?**Junior 3:** Good morning, everyone. Yesterday, I worked on the backend of the app. I set up the database and wrote the necessary APIs for the app to communicate with the database. Today, I will be working on integrating the backend with the frontend.**Manager:** Thank you, Junior 3. Are there any blockers or challenges that you are facing?**Junior 1:** I'm having a bit of trouble integrating the payment gateway with the app. I'm not sure how to handle the different payment methods that the app supports.**Manager:** Don't worry, Junior 1. I'll assign a senior developer to help you with that.**Junior 2:** I'm having some trouble finalizing the UI design. I'm not sure which colors and fonts to use.**Manager:** That's okay, Junior 2. I'll arrange a meeting with the design team to help you out.**Junior 3:** I'm not sure how to integrate the backend with the frontend. I've never done it before.**Manager:** That's no problem, Junior 3. I'll pair you up with a senior developer who can guide you through the process.**Manager:** Okay, team. That's all for today's standup meeting. Keep up the good work and let me know if you have any questions or concerns.""}"
